,precision,recall,f1-score,support
0,0.8363636363636363,0.5897435897435898,0.6917293233082706,156.0
1,0.6908212560386473,0.8881987577639752,0.7771739130434783,161.0
accuracy,0.7413249211356467,0.7413249211356467,0.7413249211356467,0.7413249211356467
macro avg,0.7635924462011419,0.7389711737537825,0.7344516181758745,317.0
weighted avg,0.7624446356307554,0.7413249211356467,0.7351254714072247,317.0
